{"schemaVersion":"1.0","appDefinitionTemplate":{"id":"/providers/Microsoft.PowerApps/apps/","type":"Microsoft.PowerApps/apps","tags":{"primaryDeviceWidth":"1366","primaryDeviceHeight":"768","sienaVersion":"20210710T172546Z-3.21063.39.0","deviceCapabilities":"","supportsPortrait":"false","supportsLandscape":"true","primaryFormFactor":"Tablet","publisherVersion":"3.21063.39","minimumRequiredApiVersion":"2.2.0","hasComponent":"true","hasUnlockedComponent":"true","isUnifiedRootApp":"false"},"properties":{"appVersion":"2021-07-10T17:25:46Z","lifeCycleId":"Published","createdByClientVersion":{"major":3,"minor":21063,"build":39,"revision":0,"majorRevision":0,"minorRevision":0},"minClientVersion":{"major":3,"minor":21063,"build":39,"revision":0,"majorRevision":0,"minorRevision":0},"backgroundColor":"rgba(105, 180, 69, 1)","backgroundImageUri":"/17609037876538547611/N5955c4a6-3678-4d0a-bead-b2d55bae778f-logoSmallFile","displayName":"ExcelCompileFile","description":"Applicazione per la gestione delle revisioni","commitMessage":"","appUris":{"documentUri":{"value":"/17609037876538547611/Nc676517a-86f6-461e-bfb0-2064ca8a366f-document.msapp"},"imageUris":[]},"createdTime":"0001-01-01T00:00:00Z","lastModifiedTime":"0001-01-01T00:00:00Z","sharedGroupsCount":0,"sharedUsersCount":0,"icons":{"smallIconUri":"/17609037876538547611/Nd6a10f4d-09d6-4ef5-9222-f8d0c896ddec-small.png","mediumIconUri":"/17609037876538547611/Ndc6fa27b-f480-4c8a-8767-d0c0b407fbb9-medium.png","largeIconUri":"/17609037876538547611/N0f8bc78e-f66a-4cab-9364-e1c0cf011578-large.png","wideIconUri":"/17609037876538547611/Naf0f0df1-a2ea-4bcc-9aef-46a60a552ca2-wide.png"},"connectionReferences":{"25ebb68b-fb65-4086-b416-911f63c71386":{"id":"7cce59af-dbc2-4369-bb6f-f8d172bd84da","displayName":"Logic flows","iconUri":"https://connectoricons-prod.azureedge.net/releases/v1.0.1438/1.0.1438.2324/logicflows/icon.png","dataSources":["MakePDF_toSharePoint"],"dependencies":["3609d026-d4e1-4d36-888a-d2e58f6af89d","2e0e6baf-503c-4cf2-a526-6614b6e4fa5c"],"dependents":[],"parameterHints":{"workflowName":{"value":"cee33cd9-5f19-43b5-ab7e-0dca1fc711b8"},"3609d026-d4e1-4d36-888a-d2e58f6af89d":{"value":"shared_onedriveforbusiness"},"2e0e6baf-503c-4cf2-a526-6614b6e4fa5c":{"value":"shared_sharepointonline"}},"isOnPremiseConnection":false,"bypassConsent":false,"dataSets":{},"apiTier":"Standard","isCustomApiConnection":false,"actions":["Run"]},"3609d026-d4e1-4d36-888a-d2e58f6af89d":{"id":"5aef5677-5d2f-4f27-a980-7282b7612e1a","displayName":"OneDrive for Business","iconUri":"https://connectoricons-prod.azureedge.net/depfeife/special-train/1.0.1489.2478/onedriveforbusiness/icon.png","dataSources":[],"dependencies":[],"dependents":["25ebb68b-fb65-4086-b416-911f63c71386"],"parameterHints":{},"isOnPremiseConnection":false,"bypassConsent":false,"dataSets":{},"apiTier":"Standard","isCustomApiConnection":false},"2e0e6baf-503c-4cf2-a526-6614b6e4fa5c":{"id":"4d3f30e8-3ba2-4db0-8452-056a307b72a1","displayName":"SharePoint","iconUri":"https://connectoricons-prod.azureedge.net/releases/v1.0.1472/1.0.1472.2427/sharepointonline/icon.png","dataSources":[],"dependencies":[],"dependents":["25ebb68b-fb65-4086-b416-911f63c71386","89a9bd7b-ba34-4d83-8110-4b76fca56b72"],"parameterHints":{},"isOnPremiseConnection":false,"bypassConsent":false,"dataSets":{},"apiTier":"Standard","isCustomApiConnection":false},"89a9bd7b-ba34-4d83-8110-4b76fca56b72":{"id":"7cce59af-dbc2-4369-bb6f-f8d172bd84da","displayName":"Logic flows","iconUri":"https://connectoricons-prod.azureedge.net/releases/v1.0.1438/1.0.1438.2324/logicflows/icon.png","dataSources":["UploadFileToSharePoinit","UploadFileToSharePoinit_2","UploadFileToSharePoinit_1"],"dependencies":["2e0e6baf-503c-4cf2-a526-6614b6e4fa5c","011837f2-4a5a-40b5-b371-0916971d5b39"],"dependents":[],"parameterHints":{"workflowName":{"value":"5b64bd75-0f71-475d-8688-0fad22624342"},"2e0e6baf-503c-4cf2-a526-6614b6e4fa5c":{"value":"shared_sharepointonline"},"011837f2-4a5a-40b5-b371-0916971d5b39":{"value":"shared_sharepointonline_1"}},"isOnPremiseConnection":false,"bypassConsent":false,"dataSets":{},"apiTier":"Standard","isCustomApiConnection":false,"actions":["Run"]},"011837f2-4a5a-40b5-b371-0916971d5b39":{"id":"4d3f30e8-3ba2-4db0-8452-056a307b72a1","displayName":"SharePoint","iconUri":"https://connectoricons-prod.azureedge.net/releases/v1.0.1472/1.0.1472.2427/sharepointonline/icon.png","dataSources":["Documenti"],"dependencies":[],"dependents":["89a9bd7b-ba34-4d83-8110-4b76fca56b72","26f7548e-2bee-4f51-be09-0ef75bc9b67b"],"parameterHints":{},"isOnPremiseConnection":false,"bypassConsent":false,"dataSets":{"https://kdigitalepg.sharepoint.com/sites/PowerApp-Develop":{"dataSources":{"Documenti":{"tableName":"d2e1b044-69e4-40c0-baf0-f1a077461b6e"}}}},"apiTier":"Standard","isCustomApiConnection":false},"26f7548e-2bee-4f51-be09-0ef75bc9b67b":{"id":"7cce59af-dbc2-4369-bb6f-f8d172bd84da","displayName":"Logic flows","iconUri":"https://connectoricons-prod.azureedge.net/releases/v1.0.1438/1.0.1438.2324/logicflows/icon.png","dataSources":["CreateFolderWithOrderName"],"dependencies":["011837f2-4a5a-40b5-b371-0916971d5b39"],"dependents":[],"parameterHints":{"workflowName":{"value":"5ab1e8c1-b702-4777-81f9-a8e76b33cbaf"},"011837f2-4a5a-40b5-b371-0916971d5b39":{"value":"shared_sharepointonline"}},"isOnPremiseConnection":false,"bypassConsent":false,"dataSets":{},"apiTier":"Standard","isCustomApiConnection":false,"actions":["Run"]},"890490f0-622c-415f-bcca-7d23acdbe524":{"id":"7cce59af-dbc2-4369-bb6f-f8d172bd84da","displayName":"Logic flows","iconUri":"https://connectoricons-prod.azureedge.net/releases/v1.0.1438/1.0.1438.2324/logicflows/icon.png","dataSources":["DataWordFileTemplate"],"dependencies":[],"dependents":[],"parameterHints":{"workflowName":{"value":"068678de-be0e-4a11-a11f-6c842a0a393d"}},"isOnPremiseConnection":false,"bypassConsent":false,"dataSets":{},"apiTier":"Standard","isCustomApiConnection":false,"actions":["Run"]}},"databaseReferences":{"default.cds":{"databaseDetails":{"referenceType":"Environmental","environmentName":"default.cds","overrideValues":{"status":"NotSpecified"}},"dataSources":{"Definizioni schemi Revisione":{"entitySetName":"new_definizioneschemarevisiones","logicalName":"new_definizioneschemarevisione"},"Definizioni schemi revisione : attività":{"entitySetName":"new_definizioneschemarevisioneactivities","logicalName":"new_definizioneschemarevisioneactivity"},"Definizioni schemi revisione : sezioni":{"entitySetName":"new_definizioneschemarevisioneseziones","logicalName":"new_definizioneschemarevisionesezione"},"Revisioni Inviate":{"entitySetName":"new_revisioneinviatas","logicalName":"new_revisioneinviata"},"Revisoni Inviate : Risposte":{"entitySetName":"new_revisoneinviatarispostas","logicalName":"new_revisoneinviatarisposta"},"Utenti":{"entitySetName":"systemusers","logicalName":"systemuser"},"Note":{"entitySetName":"annotations","logicalName":"annotation"},"Business Unit":{"entitySetName":"businessunits","logicalName":"businessunit"}}}},"almMode":"Environment","performanceOptimizationEnabled":true,"canConsumeAppPass":false,"executionRestrictions":{"isTeamsOnly":false,"dataLossPreventionEvaluationResult":{"status":"Compliant","lastEvaluationDate":"2021-07-10T14:40:49.4850972Z","violations":[],"violationsByPolicy":[],"violationErrorMessage":"L'app usa i connettori seguenti: shared_sharepointonline, shared_logicflows, shared_onedriveforbusiness, shared_commondataservice."}}},"appType":"ClassicCanvasApp","appComponents":[]}}