{"name":"62f17f6b-a368-471a-abe2-2a46c2ccbece","id":"/providers/Microsoft.Flow/flows/62f17f6b-a368-471a-abe2-2a46c2ccbece","type":"Microsoft.Flow/flows","properties":{"apiId":"/providers/Microsoft.PowerApps/apis/shared_logicflows","displayName":"MakePDF_toSharePoint","definition":{"metadata":{"workflowEntityId":null,"creator":{"id":"15cc8698-7fe6-4082-966b-4ffda92ff95a","type":"User","tenantId":"a05ab885-eff4-4944-a06b-ea2f1ef4de9d"},"provisioningMethod":"FromDefinition","failureAlertSubscription":true,"clientLastModifiedTime":"2020-07-14T15:39:25.7757096Z"},"$schema":"https://schema.management.azure.com/providers/Microsoft.Logic/schemas/2016-06-01/workflowdefinition.json#","contentVersion":"1.0.0.0","parameters":{"$connections":{"defaultValue":{},"type":"Object"},"$authentication":{"defaultValue":{},"type":"SecureObject"}},"triggers":{"manual":{"type":"Request","kind":"PowerApp","inputs":{"schema":{"type":"object","properties":{"Inizializzavariabile_Valore":{"type":"any"},"Inizializzavariabile2_Valore":{"type":"any"},"SaveinSharepoint_Percorsocartella":{"type":"string","description":"Deve iniziare con una raccolta esistente. Aggiungere cartelle, se necessario.. Questo parametro viene usato come parte di \"7516FBF0-4634-4CD0-AA7E-E91F3C816CD4\"","x-ms-powerflows-param-ispartial":true}},"required":["Inizializzavariabile_Valore","Inizializzavariabile2_Valore","SaveinSharepoint_Percorsocartella"]}}}},"actions":{"Inizializza_variabile_HTML":{"runAfter":{},"type":"InitializeVariable","inputs":{"variables":[{"name":"var_HTML","type":"string","value":"@{triggerBody()['Inizializzavariabile_Valore']}"}]}},"Inizializza_variabile_Name":{"runAfter":{"Inizializza_variabile_HTML":["Succeeded"]},"type":"InitializeVariable","inputs":{"variables":[{"name":"var_FileName","type":"string","value":"@{triggerBody()['Inizializzavariabile2_Valore']}"}]}},"Inizializza_variabile_FullNameFile":{"runAfter":{"Inizializza_variabile_Name":["Succeeded"]},"type":"InitializeVariable","inputs":{"variables":[{"name":"var_FullNameFile","type":"string","value":"@{concat(variables('var_FileName'),'.html')}"}]}},"Crea_file":{"runAfter":{"Inizializza_variabile_FullNameFile":["Succeeded"]},"metadata":{"flowSystemMetadata":{"swaggerOperationId":"CreateFile"}},"type":"ApiConnection","inputs":{"host":{"connection":{"name":"@json(decodeBase64(triggerOutputs().headers['X-MS-APIM-Tokens']))['$connections']['shared_onedriveforbusiness']['connectionId']"},"api":{"runtimeUrl":"https://unitedstates-002.azure-apim.net/apim/onedriveforbusiness"}},"method":"post","body":"@variables('var_HTML')","path":"/datasets/default/files","queries":{"folderPath":"/Temp_html","name":"@variables('var_FullNameFile')"},"authentication":{"type":"Raw","value":"@json(decodeBase64(triggerOutputs().headers['X-MS-APIM-Tokens']))['$ConnectionKey']"}},"runtimeConfiguration":{"contentTransfer":{"transferMode":"Chunked"}}},"Converti_file":{"runAfter":{"Crea_file":["Succeeded"]},"metadata":{"flowSystemMetadata":{"swaggerOperationId":"ConvertFile"},"b!ZPxkbmRpjU2l17glo4wJR8kQjRP5QmtMnybILnhgLWeyykh5VLqJRoIFfuzw1oFW.01TCKMPSAZSJ3EGCDV2NC252RNYTHEVHFG":"/Temp_html/PDF.html"},"type":"ApiConnection","inputs":{"host":{"connection":{"name":"@json(decodeBase64(triggerOutputs().headers['X-MS-APIM-Tokens']))['$connections']['shared_onedriveforbusiness']['connectionId']"},"api":{"runtimeUrl":"https://unitedstates-002.azure-apim.net/apim/onedriveforbusiness"}},"method":"get","path":"/datasets/default/files/@{encodeURIComponent(encodeURIComponent(body('Crea_file')?['Id']))}/convert","queries":{"type":"PDF"},"authentication":{"type":"Raw","value":"@json(decodeBase64(triggerOutputs().headers['X-MS-APIM-Tokens']))['$ConnectionKey']"}}},"Save_in_Share_point":{"runAfter":{"Converti_file":["Succeeded"]},"metadata":{"flowSystemMetadata":{"swaggerOperationId":"CreateFile"}},"type":"ApiConnection","inputs":{"host":{"connection":{"name":"@json(decodeBase64(triggerOutputs().headers['X-MS-APIM-Tokens']))['$connections']['shared_sharepointonline']['connectionId']"},"api":{"runtimeUrl":"https://unitedstates-002.azure-apim.net/apim/sharepointonline"}},"method":"post","body":"@body('Converti_file')","path":"/datasets/@{encodeURIComponent(encodeURIComponent('https://kdigitalepg.sharepoint.com/sites/PowerApp-Develop'))}/files","queries":{"folderPath":"/Documenti condivisi/Ordini_Di_Lavoro/@{variables('var_FileName')}","name":"@base64ToString(outputs('Converti_file')['headers']['x-ms-file-name'])","queryParametersSingleEncoded":true},"authentication":{"type":"Raw","value":"@json(decodeBase64(triggerOutputs().headers['X-MS-APIM-Tokens']))['$ConnectionKey']"}}}}},"connectionReferences":{"shared_onedriveforbusiness":{"connectionName":"9b5c0514d45042a583a30653ef7b8101","source":"Invoker","id":"/providers/Microsoft.PowerApps/apis/shared_onedriveforbusiness","tier":"NotSpecified"},"shared_sharepointonline":{"connectionName":"fe2c7402633b4b3d83e2551e0b6da0a5","source":"Invoker","id":"/providers/Microsoft.PowerApps/apis/shared_sharepointonline","tier":"NotSpecified"}},"flowFailureAlertSubscribed":false}}