{"name":"e66bbd03-8709-471e-9017-87ed826d47ed","id":"/providers/Microsoft.Flow/flows/e66bbd03-8709-471e-9017-87ed826d47ed","type":"Microsoft.Flow/flows","properties":{"apiId":"/providers/Microsoft.PowerApps/apis/shared_logicflows","displayName":"DataWordFileTemplate","definition":{"metadata":{"workflowEntityId":null,"creator":{"id":"15cc8698-7fe6-4082-966b-4ffda92ff95a","type":"User","tenantId":"a05ab885-eff4-4944-a06b-ea2f1ef4de9d"},"provisioningMethod":"FromDefinition","failureAlertSubscription":true,"clientLastModifiedTime":"2020-07-08T15:47:59.028911Z"},"$schema":"https://schema.management.azure.com/providers/Microsoft.Logic/schemas/2016-06-01/workflowdefinition.json#","contentVersion":"1.0.0.0","parameters":{"$connections":{"defaultValue":{},"type":"Object"},"$authentication":{"defaultValue":{},"type":"SecureObject"}},"triggers":{"manual":{"type":"Request","kind":"PowerApp","inputs":{"schema":{"type":"object","properties":{"Inizializzavariabile_Valore":{"type":"string","description":"Immettere il valore iniziale","x-ms-powerflows-param-ispartial":false},"Sezioni_Valore":{"type":"string","description":"Immettere il valore iniziale","x-ms-powerflows-param-ispartial":false},"Attivita_Valore":{"type":"string","description":"Immettere il valore iniziale","x-ms-powerflows-param-ispartial":false},"Risposte_Valore":{"type":"string","description":"Immettere il valore iniziale","x-ms-powerflows-param-ispartial":false}},"required":["Inizializzavariabile_Valore","Sezioni_Valore","Attivita_Valore","Risposte_Valore"]}}}},"actions":{"Sezioni":{"runAfter":{"Inizializza_variabile":["Succeeded"]},"type":"InitializeVariable","inputs":{"variables":[{"name":"varSection","type":"string","value":"@{triggerBody()['Sezioni_Valore']}"}]}},"Attivita":{"runAfter":{"Inizializza_variabile":["Succeeded"]},"type":"InitializeVariable","inputs":{"variables":[{"name":"varActivity","type":"string","value":"@triggerBody()['Attivita_Valore']"}]}},"Risposte":{"runAfter":{"Inizializza_variabile":["Succeeded"]},"type":"InitializeVariable","inputs":{"variables":[{"name":"varRisposta","type":"string","value":"@{triggerBody()['Risposte_Valore']}"}]}},"Analizza_JSON_Sezioni":{"runAfter":{"Sezioni":["Succeeded"]},"type":"ParseJson","inputs":{"content":"@variables('varSection')","schema":{"type":"array","items":{"type":"object","properties":{"new_name":{"type":"string"}},"required":["new_name"]}}}},"Analizza_JSON_Attivita":{"runAfter":{"Attivita":["Succeeded"]},"type":"ParseJson","inputs":{"content":"@variables('varActivity')","schema":{"type":"array","items":{"type":"object","properties":{"new_documentodiriferimento":{"type":"string"}},"required":["new_documentodiriferimento"]}}}},"Analizza_JSON_Risposte":{"runAfter":{"Risposte":["Succeeded"]},"type":"ParseJson","inputs":{"content":"@variables('varRisposta')","schema":{"type":"array","items":{"type":"object","properties":{"new_linkfilesharepoint":{"type":"string"},"new_linksharpointacceptcriteria":{},"new_materialereplaced":{"type":"boolean"},"new_notapersonale":{},"new_statoaction":{},"new_statoinspection":{}},"required":["new_linkfilesharepoint","new_linksharpointacceptcriteria","new_materialereplaced","new_notapersonale","new_statoaction","new_statoinspection"]}}}},"Applica_a_ogni":{"foreach":"@body('Analizza_JSON_Attivita')","actions":{"Imposta_variabile":{"runAfter":{},"type":"SetVariable","inputs":{"name":"actionTemp","value":"@items('Applica_a_ogni')['new_documentodiriferimento']"}},"Popola_un_modello_di_Microsoft_Word":{"runAfter":{"Imposta_variabile":["Succeeded"]},"metadata":{"01YFD4R7RY56L4PNRSDFD3MA7KHAHOYXLG":"/Nome.docx","flowSystemMetadata":{"swaggerOperationId":"CreateFileItem"}},"type":"ApiConnection","inputs":{"host":{"connection":{"name":"@json(decodeBase64(triggerOutputs().headers['X-MS-APIM-Tokens']))['$connections']['shared_wordonlinebusiness']['connectionId']"},"api":{"runtimeUrl":"https://unitedstates-002.azure-apim.net/apim/wordonlinebusiness"}},"method":"post","body":{"1327474487":"@variables('actionTemp')"},"path":"/api/templates/getFile","queries":{"source":"me","drive":"b!A0GujpcaQEKmnOYtYudO0GmK1WYWigFJl1RS6iu1-2D8PU5T2NE6QYZoGwPfRv5T","file":"01YFD4R7RY56L4PNRSDFD3MA7KHAHOYXLG"},"authentication":{"type":"Raw","value":"@json(decodeBase64(triggerOutputs().headers['X-MS-APIM-Tokens']))['$ConnectionKey']"}}}},"runAfter":{"Analizza_JSON_Attivita":["Succeeded"]},"type":"Foreach"},"Inizializza_variabile":{"runAfter":{},"type":"InitializeVariable","inputs":{"variables":[{"name":"actionTemp","type":"string","value":"\"\""}]}}}},"connectionReferences":{"shared_wordonlinebusiness":{"connectionName":"shared-wordonlinebus-9861c32d-6d03-49ab-9e78-60c75ac17178","source":"Invoker","id":"/providers/Microsoft.PowerApps/apis/shared_wordonlinebusiness","tier":"NotSpecified"}},"flowFailureAlertSubscribed":false}}