{"name":"d1901204-1c6f-4154-a0f5-5c0007233368","id":"/providers/Microsoft.Flow/flows/d1901204-1c6f-4154-a0f5-5c0007233368","type":"Microsoft.Flow/flows","properties":{"apiId":"/providers/Microsoft.PowerApps/apis/shared_logicflows","displayName":"CreateFolderWithOrderName","definition":{"metadata":{"workflowEntityId":null,"creator":{"id":"15cc8698-7fe6-4082-966b-4ffda92ff95a","type":"User","tenantId":"a05ab885-eff4-4944-a06b-ea2f1ef4de9d"},"provisioningMethod":"FromDefinition","failureAlertSubscription":true,"clientLastModifiedTime":"2020-07-06T13:09:46.1115379Z"},"$schema":"https://schema.management.azure.com/providers/Microsoft.Logic/schemas/2016-06-01/workflowdefinition.json#","contentVersion":"1.0.0.0","parameters":{"$connections":{"defaultValue":{},"type":"Object"},"$authentication":{"defaultValue":{},"type":"SecureObject"}},"triggers":{"manual":{"type":"Request","kind":"PowerApp","inputs":{"schema":{"type":"object","properties":{"Creanuovacartell_Percorsocartella":{"type":"string"},"Inizializzavariabile_Valore":{"type":"string","description":"Immettere il valore iniziale","x-ms-powerflows-param-ispartial":false}},"required":["Creanuovacartell_Percorsocartella","Inizializzavariabile_Valore"]}}}},"actions":{"varCollection":{"runAfter":{},"type":"InitializeVariable","inputs":{"variables":[{"name":"varCollection","type":"string","value":"@{triggerBody()['Inizializzavariabile_Valore']}"}]}},"Analizza_JSON":{"runAfter":{"varCollection":["Succeeded"]},"type":"ParseJson","inputs":{"content":"@variables('varCollection')","schema":{"type":"array","items":{"type":"object","properties":{"new_name":{"type":"string"}},"required":["new_name"]}}}},"Try":{"actions":{"Nuova_Cartella_Progetto":{"runAfter":{},"metadata":{"flowSystemMetadata":{"swaggerOperationId":"CreateNewFolder"}},"type":"ApiConnection","inputs":{"host":{"connection":{"name":"@json(decodeBase64(triggerOutputs().headers['X-MS-APIM-Tokens']))['$connections']['shared_sharepointonline']['connectionId']"},"api":{"runtimeUrl":"https://unitedstates-002.azure-apim.net/apim/sharepointonline"}},"method":"post","body":{"path":"/Ordini_Di_Lavoro/@{triggerBody()['Creanuovacartell_Percorsocartella']}"},"path":"/datasets/@{encodeURIComponent(encodeURIComponent('https://kdigitalepg.sharepoint.com/sites/PowerApp-Develop'))}/tables/@{encodeURIComponent(encodeURIComponent('d2e1b044-69e4-40c0-baf0-f1a077461b6e'))}/createnewfolder","authentication":{"type":"Raw","value":"@json(decodeBase64(triggerOutputs().headers['X-MS-APIM-Tokens']))['$ConnectionKey']"}}},"Nuova_Cartella_Sezioni":{"runAfter":{"Nuova_Cartella_Progetto":["Succeeded"]},"metadata":{"flowSystemMetadata":{"swaggerOperationId":"CreateNewFolder"}},"type":"ApiConnection","inputs":{"host":{"connection":{"name":"@json(decodeBase64(triggerOutputs().headers['X-MS-APIM-Tokens']))['$connections']['shared_sharepointonline']['connectionId']"},"api":{"runtimeUrl":"https://unitedstates-002.azure-apim.net/apim/sharepointonline"}},"method":"post","body":{"path":"/Ordini_Di_Lavoro/@{triggerBody()['Creanuovacartell_Percorsocartella']}/Sezioni"},"path":"/datasets/@{encodeURIComponent(encodeURIComponent('https://kdigitalepg.sharepoint.com/sites/PowerApp-Develop'))}/tables/@{encodeURIComponent(encodeURIComponent('d2e1b044-69e4-40c0-baf0-f1a077461b6e'))}/createnewfolder","authentication":{"type":"Raw","value":"@json(decodeBase64(triggerOutputs().headers['X-MS-APIM-Tokens']))['$ConnectionKey']"}}},"Applica_a_ogni":{"foreach":"@body('Analizza_JSON')","actions":{"Cartella_Section":{"runAfter":{},"metadata":{"flowSystemMetadata":{"swaggerOperationId":"CreateNewFolder"}},"type":"ApiConnection","inputs":{"host":{"connection":{"name":"@json(decodeBase64(triggerOutputs().headers['X-MS-APIM-Tokens']))['$connections']['shared_sharepointonline']['connectionId']"},"api":{"runtimeUrl":"https://unitedstates-002.azure-apim.net/apim/sharepointonline"}},"method":"post","body":{"path":"/Ordini_Di_Lavoro/@{triggerBody()['Creanuovacartell_Percorsocartella']}/Sezioni/@{items('Applica_a_ogni')['new_name']}"},"path":"/datasets/@{encodeURIComponent(encodeURIComponent('https://kdigitalepg.sharepoint.com/sites/PowerApp-Develop'))}/tables/@{encodeURIComponent(encodeURIComponent('d2e1b044-69e4-40c0-baf0-f1a077461b6e'))}/createnewfolder","authentication":{"type":"Raw","value":"@json(decodeBase64(triggerOutputs().headers['X-MS-APIM-Tokens']))['$ConnectionKey']"}}},"Cartella_Allegati":{"runAfter":{"Cartella_Section":["Succeeded"]},"metadata":{"flowSystemMetadata":{"swaggerOperationId":"CreateNewFolder"}},"type":"ApiConnection","inputs":{"host":{"connection":{"name":"@json(decodeBase64(triggerOutputs().headers['X-MS-APIM-Tokens']))['$connections']['shared_sharepointonline']['connectionId']"},"api":{"runtimeUrl":"https://unitedstates-002.azure-apim.net/apim/sharepointonline"}},"method":"post","body":{"path":"/Ordini_Di_Lavoro/@{triggerBody()['Creanuovacartell_Percorsocartella']}/Sezioni/@{items('Applica_a_ogni')['new_name']}/Allegati"},"path":"/datasets/@{encodeURIComponent(encodeURIComponent('https://kdigitalepg.sharepoint.com/sites/PowerApp-Develop'))}/tables/@{encodeURIComponent(encodeURIComponent('d2e1b044-69e4-40c0-baf0-f1a077461b6e'))}/createnewfolder","authentication":{"type":"Raw","value":"@json(decodeBase64(triggerOutputs().headers['X-MS-APIM-Tokens']))['$ConnectionKey']"}}},"DOCUMENTS_PRODUCED_BY_PROCESS_OWNER":{"runAfter":{"Cartella_Allegati":["Succeeded"]},"metadata":{"flowSystemMetadata":{"swaggerOperationId":"CreateNewFolder"}},"type":"ApiConnection","inputs":{"host":{"connection":{"name":"@json(decodeBase64(triggerOutputs().headers['X-MS-APIM-Tokens']))['$connections']['shared_sharepointonline']['connectionId']"},"api":{"runtimeUrl":"https://unitedstates-002.azure-apim.net/apim/sharepointonline"}},"method":"post","body":{"path":"/Ordini_Di_Lavoro/@{triggerBody()['Creanuovacartell_Percorsocartella']}/Sezioni/@{items('Applica_a_ogni')['new_name']}/Allegati/DOCUMENTS_PRODUCED_BY_PROCESS OWNER"},"path":"/datasets/@{encodeURIComponent(encodeURIComponent('https://kdigitalepg.sharepoint.com/sites/PowerApp-Develop'))}/tables/@{encodeURIComponent(encodeURIComponent('d2e1b044-69e4-40c0-baf0-f1a077461b6e'))}/createnewfolder","authentication":{"type":"Raw","value":"@json(decodeBase64(triggerOutputs().headers['X-MS-APIM-Tokens']))['$ConnectionKey']"}}},"ACCEPTABILITY_CRITERIA":{"runAfter":{"DOCUMENTS_PRODUCED_BY_PROCESS_OWNER":["Succeeded"]},"metadata":{"flowSystemMetadata":{"swaggerOperationId":"CreateNewFolder"}},"type":"ApiConnection","inputs":{"host":{"connection":{"name":"@json(decodeBase64(triggerOutputs().headers['X-MS-APIM-Tokens']))['$connections']['shared_sharepointonline']['connectionId']"},"api":{"runtimeUrl":"https://unitedstates-002.azure-apim.net/apim/sharepointonline"}},"method":"post","body":{"path":"/Ordini_Di_Lavoro/@{triggerBody()['Creanuovacartell_Percorsocartella']}/Sezioni/@{items('Applica_a_ogni')['new_name']}/Allegati/ACCEPTABILITY_CRITERIA"},"path":"/datasets/@{encodeURIComponent(encodeURIComponent('https://kdigitalepg.sharepoint.com/sites/PowerApp-Develop'))}/tables/@{encodeURIComponent(encodeURIComponent('d2e1b044-69e4-40c0-baf0-f1a077461b6e'))}/createnewfolder","authentication":{"type":"Raw","value":"@json(decodeBase64(triggerOutputs().headers['X-MS-APIM-Tokens']))['$ConnectionKey']"}}}},"runAfter":{"Nuova_Cartella_Sezioni":["Succeeded"]},"type":"Foreach"}},"runAfter":{"isError":["Succeeded"]},"type":"Scope"},"Catch":{"actions":{"Imposta_variabile":{"runAfter":{},"type":"SetVariable","inputs":{"name":"isError","value":"@true"}}},"runAfter":{"Try":["Failed","TimedOut"]},"type":"Scope"},"isError":{"runAfter":{"Analizza_JSON":["Succeeded"]},"type":"InitializeVariable","inputs":{"variables":[{"name":"isError","type":"boolean","value":"@false"}]}},"Finally":{"actions":{"Condizione":{"actions":{"Rispondi_a_un'app_PowerApps_o_a_un_flusso":{"runAfter":{},"type":"Response","kind":"PowerApp","inputs":{"statusCode":200,"body":{"statuscreatefolder":"Ok"},"schema":{"type":"object","properties":{"statuscreatefolder":{"title":"statusCreateFolder","x-ms-dynamically-added":true,"type":"string"}}}}}},"runAfter":{},"else":{"actions":{"Rispondi_a_un'app_PowerApps_o_a_un_flusso_2":{"runAfter":{},"type":"Response","kind":"PowerApp","inputs":{"statusCode":200,"body":{"statuscreatefolder":"Error"},"schema":{"type":"object","properties":{"statuscreatefolder":{"title":"statusCreateFolder","x-ms-dynamically-added":true,"type":"string"}}}}}}},"expression":{"equals":["@variables('isError')","@false"]},"type":"If"}},"runAfter":{"Catch":["Skipped","TimedOut","Failed","Succeeded"]},"type":"Scope"}}},"connectionReferences":{"shared_sharepointonline":{"connectionName":"d980e909043b41a3bd9ac2361b51385f","source":"Invoker","id":"/providers/Microsoft.PowerApps/apis/shared_sharepointonline","tier":"NotSpecified"}},"flowFailureAlertSubscribed":false}}