{"name":"3af93496-7c8f-4f9c-8e25-d4a7de89df97","id":"/providers/Microsoft.Flow/flows/3af93496-7c8f-4f9c-8e25-d4a7de89df97","type":"Microsoft.Flow/flows","properties":{"apiId":"/providers/Microsoft.PowerApps/apis/shared_logicflows","displayName":"UploadFileToSharePoinit","definition":{"metadata":{"workflowEntityId":null,"processAdvisorMetadata":null,"flowclientsuspensionreason":"None","flowclientsuspensiontime":null,"creator":{"id":"15cc8698-7fe6-4082-966b-4ffda92ff95a","type":"User","tenantId":"a05ab885-eff4-4944-a06b-ea2f1ef4de9d"},"provisioningMethod":"FromDefinition","failureAlertSubscription":true,"clientLastModifiedTime":"2021-07-10T16:12:42.8997315Z"},"$schema":"https://schema.management.azure.com/providers/Microsoft.Logic/schemas/2016-06-01/workflowdefinition.json#","contentVersion":"1.0.0.0","parameters":{"$connections":{"defaultValue":{},"type":"Object"},"$authentication":{"defaultValue":{},"type":"SecureObject"}},"triggers":{"manual":{"type":"Request","kind":"PowerApp","inputs":{"schema":{"type":"object","properties":{"Creafile_Nomefile":{"type":"string","description":"Nome del file.","x-ms-powerflows-param-ispartial":false},"Creafile_Contenutofile":{"type":"string","format":"binary","description":"Contenuto del file.","x-ms-powerflows-param-ispartial":false},"Creafile_Percorsocartella":{"type":"string","description":"Deve iniziare con una raccolta esistente. Aggiungere cartelle, se necessario.. Questo parametro viene usato come parte di \"E538CF34-E72F-44A2-A2A2-3B883DF8A50C\"","x-ms-powerflows-param-ispartial":true},"Condizione_Nomeoggetto":{"type":"any","description":"Scegliere un valore","x-ms-powerflows-param-ispartial":false},"Creafile_Percorsocartella_1":{"type":"string"}},"required":["Creafile_Nomefile","Creafile_Contenutofile","Creafile_Percorsocartella","Condizione_Nomeoggetto","Creafile_Percorsocartella_1"]}}}},"actions":{"Condizione":{"actions":{"Crea_file":{"runAfter":{},"metadata":{"flowSystemMetadata":{"swaggerOperationId":"CreateFile"}},"type":"ApiConnection","inputs":{"host":{"connection":{"name":"@json(decodeBase64(triggerOutputs().headers['X-MS-APIM-Tokens']))['$connections']['shared_sharepointonline']['connectionId']"},"api":{"runtimeUrl":"https://unitedstates-002.azure-apim.net/apim/sharepointonline"}},"method":"post","body":"@base64ToBinary(triggerBody()['Creafile_Contenutofile'])","path":"/datasets/@{encodeURIComponent(encodeURIComponent('https://kdigitalepg.sharepoint.com/sites/PowerApp-Develop'))}/files","queries":{"folderPath":"/Documenti condivisi/OLD_APPs/Ordini_Di_Lavoro/@{triggerBody()['Creafile_Percorsocartella']}/Sezioni/@{triggerBody()['Creafile_Percorsocartella_1']}/Allegati/DOCUMENTS_PRODUCED_BY_PROCESS OWNER","name":"@triggerBody()['Creafile_Nomefile']","queryParametersSingleEncoded":true},"authentication":{"type":"Raw","value":"@json(decodeBase64(triggerOutputs().headers['X-MS-APIM-Tokens']))['$ConnectionKey']"}},"description":"base64ToBinary(triggerBody()['Creafile_Contenutofile'])"},"Rispondi_a_un'app_PowerApps_o_a_un_flusso":{"runAfter":{"Crea_file":["Succeeded"]},"type":"Response","kind":"PowerApp","inputs":{"statusCode":200,"body":{"linkallegato":"https://kdigitalepg.sharepoint.com/sites/PowerApp-Develop@{body('Crea_file')?['Path']}"},"schema":{"type":"object","properties":{"linkallegato":{"title":"LinkAllegato","x-ms-dynamically-added":true,"type":"string"}}}}}},"runAfter":{},"else":{"actions":{"Crea_file_2":{"runAfter":{},"metadata":{"flowSystemMetadata":{"swaggerOperationId":"CreateFile"}},"type":"ApiConnection","inputs":{"host":{"connection":{"name":"@json(decodeBase64(triggerOutputs().headers['X-MS-APIM-Tokens']))['$connections']['shared_sharepointonline_1']['connectionId']"},"api":{"runtimeUrl":"https://unitedstates-002.azure-apim.net/apim/sharepointonline"}},"method":"post","body":"@base64ToBinary(triggerBody()['Creafile_Contenutofile'])","path":"/datasets/@{encodeURIComponent(encodeURIComponent('https://kdigitalepg.sharepoint.com/sites/PowerApp-Develop'))}/files","queries":{"folderPath":"/Documenti condivisi/OLD_APPs/Ordini_Di_Lavoro/@{triggerBody()['Creafile_Percorsocartella']}/Sezioni/@{triggerBody()['Creafile_Percorsocartella_1']}/Allegati/ACCEPTABILITY_CRITERIA","name":"@triggerBody()['Creafile_Nomefile']","queryParametersSingleEncoded":true},"authentication":{"type":"Raw","value":"@json(decodeBase64(triggerOutputs().headers['X-MS-APIM-Tokens']))['$ConnectionKey']"}},"runtimeConfiguration":{"contentTransfer":{"transferMode":"Chunked"}}},"Rispondi_a_un'app_PowerApps_o_a_un_flusso_2":{"runAfter":{"Crea_file_2":["Succeeded"]},"type":"Response","kind":"PowerApp","inputs":{"statusCode":200,"body":{"linkallegato":"https://kdigitalepg.sharepoint.com/sites/PowerApp-Develop@{body('Crea_file_2')?['Path']}"},"schema":{"type":"object","properties":{"linkallegato":{"title":"LinkAllegato","x-ms-dynamically-added":true,"type":"string"}}}}}}},"expression":{"equals":["@triggerBody()['Condizione_Nomeoggetto']","ProcessOwner"]},"type":"If"}}},"connectionReferences":{"shared_sharepointonline":{"connectionName":"fe2c7402633b4b3d83e2551e0b6da0a5","source":"Invoker","id":"/providers/Microsoft.PowerApps/apis/shared_sharepointonline","tier":"NotSpecified"},"shared_sharepointonline_1":{"connectionName":"d980e909043b41a3bd9ac2361b51385f","source":"Invoker","id":"/providers/Microsoft.PowerApps/apis/shared_sharepointonline","tier":"NotSpecified"}},"flowFailureAlertSubscribed":false}}